[{"id":1,"codigo_pais":"AU","name":"Australia","ciudades":[{"id":1,"name":"Cape Town","codigo":"AU"},{"id":2,"name":"Cape Town2","codigo":"AU"},{"id":3,"name":"Cape Town3","codigo":"AU"}]},{"id":2,"codigo_pais":"AU2","name":"Brasil","ciudades":[{"id":4,"name":"Brasilia","codigo":"AU2"}]},{"id":3,"codigo_pais":"AU3","name":"Bolivia","ciudades":[{"id":5,"name":"Lima","codigo":"AU3"}]},{"id":4,"codigo_pais":"AU3","name":"Peru","ciudades":[{"id":5,"name":"Lima","codigo":"AU3"}]},{"id":5,"codigo_pais":"AU4","name":"Panama","ciudades":[{"id":6,"name":"Panama","codigo":"AU4"}]}]